year,month,co2_concentration,ch4_concentration,co2e,decimal_year
1983,7,344.32,1.62598,384.9695,1983.5
1983,8,342.51,1.6280599999999998,383.2115,1983.5833333333333
1983,9,340.46,1.63842,381.42049999999995,1983.6666666666667
1983,10,340.53,1.64479,381.64975,1983.75
1983,11,341.79,1.64261,382.85525,1983.8333333333333
1983,12,343.2,1.63954,384.1885,1983.9166666666667
1984,1,344.21,1.63873,385.17825,1984.0
1984,2,344.92,1.6388099999999999,385.89025000000004,1984.0833333333333
1984,3,345.68,1.64086,386.7015,1984.1666666666667
1984,4,347.38,1.64397,388.47925,1984.25
1984,5,347.77,1.64314,388.8485,1984.3333333333333
1984,6,347.16,1.63973,388.15325,1984.4166666666667
1984,7,345.79,1.638,386.74,1984.5
1984,8,343.74,1.64172,384.783,1984.5833333333333
1984,9,341.59,1.65061,382.85524999999996,1984.6666666666667
1984,10,341.86,1.6545699999999999,383.22425,1984.75
1984,11,343.31,1.6537899999999999,384.65475,1984.8333333333333
1984,12,345.0,1.65621,386.40525,1984.9166666666667
1985,1,345.48,1.65559,386.86975,1985.0
1985,2,346.41,1.65224,387.716,1985.0833333333333
1985,3,347.91,1.65461,389.27525,1985.1666666666667
1985,4,348.66,1.6582000000000001,390.115,1985.25
1985,5,349.28,1.65588,390.67699999999996,1985.3333333333333
1985,6,348.65,1.65005,389.90125,1985.4166666666667
1985,7,346.9,1.6468099999999999,388.07025,1985.5
1985,8,345.26,1.65226,386.5665,1985.5833333333333
1985,9,343.47,1.66248,385.03200000000004,1985.6666666666667
1985,10,343.35,1.66748,385.03700000000003,1985.75
1985,11,344.73,1.66682,386.4005,1985.8333333333333
1985,12,346.12,1.6660599999999999,387.7715,1985.9166666666667
1986,1,346.78,1.66628,388.43699999999995,1986.0
1986,2,347.48,1.6669200000000002,389.153,1986.0833333333333
1986,3,348.25,1.66927,389.98175,1986.1666666666667
1986,4,349.86,1.67081,391.63025,1986.25
1986,5,350.52,1.66845,392.23125,1986.3333333333333
1986,6,349.98,1.66476,391.59900000000005,1986.4166666666667
1986,7,348.25,1.6623299999999999,389.80825,1986.5
1986,8,346.17,1.66439,387.77975000000004,1986.5833333333333
1986,9,345.48,1.67257,387.29425000000003,1986.6666666666667
1986,10,344.82,1.67866,386.7865,1986.75
1986,11,346.22,1.67899,388.19475,1986.8333333333333
1986,12,347.48,1.67912,389.458,1986.9166666666667
1987,1,348.73,1.6793900000000002,390.71475000000004,1987.0
1987,2,348.92,1.67903,390.89575,1987.0833333333333
1987,3,349.81,1.68001,391.81025,1987.1666666666667
1987,4,351.4,1.6813399999999998,393.4335,1987.25
1987,5,352.15,1.6818499999999998,394.19624999999996,1987.3333333333333
1987,6,351.58,1.67998,393.5795,1987.4166666666667
1987,7,350.21,1.6759600000000001,392.109,1987.5
1987,8,348.2,1.67717,390.12925,1987.5833333333333
1987,9,346.66,1.6855799999999999,388.7995,1987.6666666666667
1987,10,346.72,1.69156,389.009,1987.75
1987,11,348.08,1.6911800000000001,390.35949999999997,1987.8333333333333
1987,12,349.28,1.6905,391.54249999999996,1987.9166666666667
1988,1,350.51,1.69203,392.81075,1988.0
1988,2,351.7,1.6926199999999998,394.0155,1988.0833333333333
1988,3,352.5,1.69136,394.784,1988.1666666666667
1988,4,353.67,1.69011,395.92275,1988.25
1988,5,354.35,1.68911,396.57775000000004,1988.3333333333333
1988,6,353.88,1.6871500000000001,396.05875,1988.4166666666667
1988,7,352.8,1.686,394.95,1988.5
1988,8,350.49,1.68946,392.7265,1988.5833333333333
1988,9,348.97,1.69611,391.37275,1988.6666666666667
1988,10,349.37,1.70111,391.89775,1988.75
1988,11,350.42,1.70285,392.99125000000004,1988.8333333333333
1988,12,351.62,1.70192,394.168,1988.9166666666667
1989,1,353.07,1.7005299999999999,395.58325,1989.0
1989,2,353.43,1.70108,395.957,1989.0833333333333
1989,3,354.08,1.70246,396.6415,1989.1666666666667
1989,4,355.72,1.70359,398.30975,1989.25
1989,5,355.95,1.7033800000000001,398.5345,1989.3333333333333
1989,6,355.44,1.70019,397.94475,1989.4166666666667
1989,7,354.05,1.6982000000000002,396.505,1989.5
1989,8,351.84,1.702,394.39,1989.5833333333333
1989,9,350.09,1.70717,392.76925,1989.6666666666667
1989,10,350.33,1.71051,393.09274999999997,1989.75
1989,11,351.55,1.71313,394.37825000000004,1989.8333333333333
1989,12,352.91,1.71324,395.74100000000004,1989.9166666666667
1990,1,353.86,1.71215,396.66375,1990.0
1990,2,355.1,1.71353,397.93825000000004,1990.0833333333333
1990,3,355.75,1.71441,398.61025,1990.1666666666667
1990,4,356.38,1.7125599999999999,399.19399999999996,1990.25
1990,5,357.38,1.71066,400.1465,1990.3333333333333
1990,6,356.39,1.70845,399.10125,1990.4166666666667
1990,7,354.89,1.7065599999999999,397.554,1990.5
1990,8,353.06,1.71024,395.81600000000003,1990.5833333333333
1990,9,351.38,1.7175799999999999,394.3195,1990.6666666666667
1990,10,351.69,1.722,394.74,1990.75
1990,11,353.14,1.7234800000000001,396.227,1990.8333333333333
1990,12,354.41,1.7233,397.4925,1990.9166666666667
1991,1,354.93,1.72157,397.96925,1991.0
1991,2,355.82,1.72124,398.851,1991.0833333333333
1991,3,357.33,1.7220499999999999,400.38124999999997,1991.1666666666667
1991,4,358.77,1.72239,401.82975,1991.25
1991,5,359.23,1.7220799999999998,402.28200000000004,1991.3333333333333
1991,6,358.23,1.7188599999999998,401.2015,1991.4166666666667
1991,7,356.3,1.71596,399.199,1991.5
1991,8,353.97,1.7191400000000001,396.9485,1991.5833333333333
1991,9,352.34,1.72604,395.491,1991.6666666666667
1991,10,352.43,1.7327000000000001,395.7475,1991.75
1991,11,353.89,1.73748,397.327,1991.8333333333333
1991,12,355.21,1.73958,398.6995,1991.9166666666667
1992,1,356.34,1.73893,399.81325,1992.0
1992,2,357.21,1.7373800000000001,400.6445,1992.0833333333333
1992,3,357.97,1.7369100000000002,401.39275000000004,1992.1666666666667
1992,4,359.22,1.73665,402.63625,1992.25
1992,5,359.71,1.73498,403.0845,1992.3333333333333
1992,6,359.44,1.73156,402.729,1992.4166666666667
1992,7,357.15,1.72881,400.37025,1992.5
1992,8,354.99,1.7303499999999998,398.24875000000003,1992.5833333333333
1992,9,353.01,1.7346,396.375,1992.6666666666667
1992,10,353.41,1.73766,396.85150000000004,1992.75
1992,11,354.42,1.7392400000000001,397.901,1992.8333333333333
1992,12,355.68,1.7385599999999999,399.144,1992.9166666666667
1993,1,357.1,1.7357799999999999,400.4945,1993.0
1993,2,357.42,1.73436,400.779,1993.0833333333333
1993,3,358.59,1.7353800000000001,401.9745,1993.1666666666667
1993,4,359.39,1.7366,402.805,1993.25
1993,5,360.3,1.73501,403.67525,1993.3333333333333
1993,6,359.64,1.73087,402.91175,1993.4166666666667
1993,7,357.45,1.72801,400.65024999999997,1993.5
1993,8,355.76,1.73116,399.039,1993.5833333333333
1993,9,354.14,1.73844,397.601,1993.6666666666667
1993,10,354.23,1.7433599999999998,397.814,1993.75
1993,11,355.53,1.74523,399.16074999999995,1993.8333333333333
1993,12,357.03,1.7443,400.6375,1993.9166666666667
1994,1,358.36,1.74142,401.8955,1994.0
1994,2,359.04,1.7408800000000002,402.562,1994.0833333333333
1994,3,360.11,1.74195,403.65875,1994.1666666666667
1994,4,361.36,1.74195,404.90875,1994.25
1994,5,361.78,1.74065,405.29625,1994.3333333333333
1994,6,360.94,1.7368800000000002,404.362,1994.4166666666667
1994,7,359.51,1.7324000000000002,402.82,1994.5
1994,8,357.59,1.7340799999999998,400.94199999999995,1994.5833333333333
1994,9,355.86,1.7428800000000002,399.432,1994.6666666666667
1994,10,356.21,1.74975,399.95374999999996,1994.75
1994,11,357.65,1.75124,401.431,1994.8333333333333
1994,12,359.1,1.75161,402.89025000000004,1994.9166666666667
1995,1,360.04,1.75113,403.81825000000003,1995.0
1995,2,361.0,1.7495,404.7375,1995.0833333333333
1995,3,361.98,1.74899,405.70475,1995.1666666666667
1995,4,363.44,1.74943,407.17575,1995.25
1995,5,363.83,1.74766,407.5215,1995.3333333333333
1995,6,363.33,1.74281,406.90024999999997,1995.4166666666667
1995,7,361.78,1.7401600000000002,405.284,1995.5
1995,8,359.33,1.7435999999999998,402.91999999999996,1995.5833333333333
1995,9,358.32,1.74977,402.06425,1995.6666666666667
1995,10,358.14,1.75433,401.99825,1995.75
1995,11,359.61,1.75552,403.498,1995.8333333333333
1995,12,360.82,1.75386,404.6665,1995.9166666666667
1996,1,362.2,1.75224,406.006,1996.0
1996,2,363.36,1.75275,407.17875000000004,1996.0833333333333
1996,3,364.28,1.75221,408.08525,1996.1666666666667
1996,4,364.69,1.7495999999999998,408.43,1996.25
1996,5,365.25,1.74831,408.95775000000003,1996.3333333333333
1996,6,365.06,1.74603,408.71075,1996.4166666666667
1996,7,363.69,1.7420499999999999,407.24125,1996.5
1996,8,361.55,1.74431,405.15775,1996.5833333333333
1996,9,359.69,1.7526300000000001,403.50575,1996.6666666666667
1996,10,359.72,1.75888,403.692,1996.75
1996,11,361.04,1.76004,405.04100000000005,1996.8333333333333
1996,12,362.39,1.75692,406.313,1996.9166666666667
1997,1,363.24,1.75339,407.07475,1997.0
1997,2,364.21,1.75386,408.05649999999997,1997.0833333333333
1997,3,364.65,1.75567,408.54175,1997.1666666666667
1997,4,366.49,1.7555399999999999,410.37850000000003,1997.25
1997,5,366.77,1.7538099999999999,410.61525,1997.3333333333333
1997,6,365.73,1.75007,409.48175000000003,1997.4166666666667
1997,7,364.46,1.7460499999999999,408.11125,1997.5
1997,8,362.4,1.74777,406.09425,1997.5833333333333
1997,9,360.44,1.75497,404.31425,1997.6666666666667
1997,10,360.97,1.76027,404.97675000000004,1997.75
1997,11,362.65,1.76172,406.693,1997.8333333333333
1997,12,364.51,1.7619,408.5575,1997.9166666666667
1998,1,365.39,1.76147,409.42674999999997,1998.0
1998,2,366.1,1.76147,410.13675,1998.0833333333333
1998,3,367.36,1.76296,411.434,1998.1666666666667
1998,4,368.79,1.76471,412.90775,1998.25
1998,5,369.56,1.76425,413.66625,1998.3333333333333
1998,6,369.13,1.7603199999999999,413.138,1998.4166666666667
1998,7,367.98,1.75615,411.88375,1998.5
1998,8,366.1,1.76021,410.10525,1998.5833333333333
1998,9,364.16,1.7706600000000001,408.42650000000003,1998.6666666666667
1998,10,364.54,1.7762200000000001,408.94550000000004,1998.75
1998,11,365.67,1.77548,410.057,1998.8333333333333
1998,12,367.3,1.77404,411.651,1998.9166666666667
1999,1,368.35,1.77379,412.69475,1999.0
1999,2,369.28,1.7738900000000002,413.62725,1999.0833333333333
1999,3,369.84,1.77457,414.20425,1999.1666666666667
1999,4,371.15,1.77497,415.52425,1999.25
1999,5,371.12,1.7726600000000001,415.4365,1999.3333333333333
1999,6,370.46,1.7673299999999998,414.64324999999997,1999.4166666666667
1999,7,369.61,1.76294,413.6835,1999.5
1999,8,367.06,1.7646300000000001,411.17575,1999.5833333333333
1999,9,364.95,1.77099,409.22475,1999.6666666666667
1999,10,365.52,1.7766,409.935,1999.75
1999,11,366.88,1.77856,411.344,1999.8333333333333
1999,12,368.26,1.77724,412.691,1999.9166666666667
2000,1,369.45,1.77553,413.83825,2000.0
2000,2,369.71,1.77545,414.09625,2000.0833333333333
2000,3,370.75,1.7765,415.1625,2000.1666666666667
2000,4,371.98,1.77722,416.4105,2000.25
2000,5,371.75,1.7745799999999998,416.1145,2000.3333333333333
2000,6,371.87,1.76812,416.073,2000.4166666666667
2000,7,370.02,1.76346,414.1065,2000.5
2000,8,368.27,1.76546,412.4065,2000.5833333333333
2000,9,367.15,1.77202,411.4505,2000.6666666666667
2000,10,367.18,1.77708,411.607,2000.75
2000,11,368.53,1.77773,412.97324999999995,2000.8333333333333
2000,12,369.83,1.77531,414.21274999999997,2000.9166666666667
2001,1,370.76,1.77287,415.08175,2001.0
2001,2,371.69,1.7725199999999999,416.003,2001.0833333333333
2001,3,372.63,1.7736500000000002,416.97125,2001.1666666666667
2001,4,373.55,1.7738800000000001,417.897,2001.25
2001,5,374.03,1.77088,418.30199999999996,2001.3333333333333
2001,6,373.4,1.76609,417.55224999999996,2001.4166666666667
2001,7,371.68,1.76302,415.7555,2001.5
2001,8,369.78,1.76452,413.893,2001.5833333333333
2001,9,368.34,1.77044,412.601,2001.6666666666667
2001,10,368.61,1.77548,412.997,2001.75
2001,11,369.94,1.77659,414.35474999999997,2001.8333333333333
2001,12,371.42,1.77593,415.81825000000003,2001.9166666666667
2002,1,372.7,1.7741,417.0525,2002.0
2002,2,373.37,1.7728199999999998,417.6905,2002.0833333333333
2002,3,374.3,1.7734,418.635,2002.1666666666667
2002,4,375.19,1.77276,419.509,2002.25
2002,5,375.93,1.77031,420.18775,2002.3333333333333
2002,6,375.69,1.76689,419.86225,2002.4166666666667
2002,7,374.16,1.76421,418.26525000000004,2002.5
2002,8,372.03,1.76687,416.20174999999995,2002.5833333333333
2002,9,370.92,1.77366,415.2615,2002.6666666666667
2002,10,370.73,1.77825,415.18625000000003,2002.75
2002,11,372.43,1.77951,416.91775,2002.8333333333333
2002,12,373.98,1.7796500000000002,418.47125000000005,2002.9166666666667
2003,1,375.07,1.77753,419.50825,2003.0
2003,2,375.82,1.77483,420.19075,2003.0833333333333
2003,3,376.64,1.77484,421.01099999999997,2003.1666666666667
2003,4,377.92,1.7758099999999999,422.31525,2003.25
2003,5,378.78,1.77446,423.14149999999995,2003.3333333333333
2003,6,378.46,1.77167,422.75174999999996,2003.4166666666667
2003,7,376.88,1.77071,421.14775,2003.5
2003,8,374.57,1.77432,418.928,2003.5833333333333
2003,9,373.34,1.7805499999999999,417.85375,2003.6666666666667
2003,10,373.31,1.78468,417.927,2003.75
2003,11,374.84,1.78529,419.47225,2003.8333333333333
2003,12,376.17,1.78353,420.75825000000003,2003.9166666666667
2004,1,377.17,1.78068,421.687,2004.0
2004,2,378.05,1.77967,422.54175000000004,2004.0833333333333
2004,3,379.06,1.78094,423.5835,2004.1666666666667
2004,4,380.54,1.78087,425.06175,2004.25
2004,5,380.8,1.77762,425.2405,2004.3333333333333
2004,6,379.87,1.77224,424.176,2004.4166666666667
2004,7,377.65,1.76804,421.851,2004.5
2004,8,376.17,1.76982,420.4155,2004.5833333333333
2004,9,374.43,1.77553,418.81825000000003,2004.6666666666667
2004,10,374.63,1.77975,419.12375,2004.75
2004,11,376.33,1.78051,420.84274999999997,2004.8333333333333
2004,12,377.68,1.77826,422.1365,2004.9166666666667
2005,1,378.63,1.77614,423.0335,2005.0
2005,2,379.91,1.77574,424.30350000000004,2005.0833333333333
2005,3,380.95,1.77558,425.3395,2005.1666666666667
2005,4,382.48,1.7747899999999999,426.84975000000003,2005.25
2005,5,382.64,1.77251,426.95275,2005.3333333333333
2005,6,382.4,1.7687899999999999,426.61974999999995,2005.4166666666667
2005,7,380.93,1.76641,425.09025,2005.5
2005,8,378.93,1.76818,423.1345,2005.5833333333333
2005,9,376.89,1.77323,421.22075,2005.6666666666667
2005,10,377.19,1.77857,421.65425,2005.75
2005,11,378.54,1.78126,423.0715,2005.8333333333333
2005,12,380.31,1.78026,424.8165,2005.9166666666667
2006,1,381.58,1.77952,426.068,2006.0
2006,2,382.4,1.77947,426.88675,2006.0833333333333
2006,3,382.86,1.77739,427.29475,2006.1666666666667
2006,4,384.8,1.77612,429.20300000000003,2006.25
2006,5,385.22,1.77492,429.593,2006.3333333333333
2006,6,384.24,1.76922,428.4705,2006.4166666666667
2006,7,382.65,1.7641600000000002,426.75399999999996,2006.5
2006,8,380.6,1.76726,424.78150000000005,2006.5833333333333
2006,9,379.04,1.7745799999999998,423.4045,2006.6666666666667
2006,10,379.33,1.77823,423.78575,2006.75
2006,11,380.35,1.77904,424.826,2006.8333333333333
2006,12,382.02,1.7799200000000002,426.518,2006.9166666666667
2007,1,383.1,1.7792000000000001,427.58000000000004,2007.0
2007,2,384.12,1.7786,428.585,2007.0833333333333
2007,3,384.81,1.78024,429.31600000000003,2007.1666666666667
2007,4,386.73,1.7811199999999998,431.25800000000004,2007.25
2007,5,386.78,1.77949,431.26725,2007.3333333333333
2007,6,386.33,1.7755999999999998,430.71999999999997,2007.4166666666667
2007,7,384.73,1.7725899999999999,429.04475,2007.5
2007,8,382.24,1.77721,426.67025,2007.5833333333333
2007,9,381.2,1.78586,425.8465,2007.6666666666667
2007,10,381.37,1.7898399999999999,426.116,2007.75
2007,11,382.7,1.78954,427.4385,2007.8333333333333
2007,12,384.19,1.78819,428.89475,2007.9166666666667
2008,1,385.78,1.7867,430.4475,2008.0
2008,2,386.06,1.78581,430.70525,2008.0833333333333
2008,3,386.28,1.7861600000000002,430.93399999999997,2008.1666666666667
2008,4,387.33,1.78689,432.00225,2008.25
2008,5,388.78,1.78521,433.41024999999996,2008.3333333333333
2008,6,387.99,1.78045,432.50125,2008.4166666666667
2008,7,386.61,1.77764,431.05100000000004,2008.5
2008,8,384.32,1.78107,428.84675,2008.5833333333333
2008,9,383.41,1.7876500000000002,428.10125000000005,2008.6666666666667
2008,10,383.22,1.79366,428.0615,2008.75
2008,11,384.41,1.79732,429.343,2008.8333333333333
2008,12,385.79,1.79659,430.70475,2008.9166666666667
2009,1,387.17,1.79507,432.04675000000003,2009.0
2009,2,387.7,1.7955999999999999,432.59,2009.0833333333333
2009,3,389.04,1.79594,433.93850000000003,2009.1666666666667
2009,4,389.76,1.79556,434.649,2009.25
2009,5,390.36,1.79241,435.17025,2009.3333333333333
2009,6,389.7,1.7869300000000001,434.37325,2009.4166666666667
2009,7,388.24,1.78502,432.8655,2009.5
2009,8,386.29,1.78892,431.01300000000003,2009.5833333333333
2009,9,384.95,1.7948199999999999,429.8205,2009.6666666666667
2009,10,384.64,1.798,429.59,2009.75
2009,11,386.23,1.7978800000000001,431.177,2009.8333333333333
2009,12,387.63,1.79667,432.54675,2009.9166666666667
2010,1,388.91,1.79711,433.83775,2010.0
2010,2,390.41,1.79878,435.3795,2010.0833333333333
2010,3,391.37,1.79946,436.3565,2010.1666666666667
2010,4,392.67,1.79959,437.65975000000003,2010.25
2010,5,393.21,1.7976400000000001,438.15099999999995,2010.3333333333333
2010,6,392.38,1.79245,437.19124999999997,2010.4166666666667
2010,7,390.41,1.78942,435.1455,2010.5
2010,8,388.54,1.79412,433.39300000000003,2010.5833333333333
2010,9,387.03,1.8018699999999999,432.07674999999995,2010.6666666666667
2010,10,387.43,1.8066,432.595,2010.75
2010,11,388.87,1.80701,434.04525,2010.8333333333333
2010,12,389.99,1.80328,435.072,2010.9166666666667
2011,1,391.5,1.8000399999999999,436.501,2011.0
2011,2,392.05,1.8000399999999999,437.051,2011.0833333333333
2011,3,392.8,1.80103,437.82575,2011.1666666666667
2011,4,393.44,1.80283,438.51075,2011.25
2011,5,394.41,1.8031700000000002,439.48925,2011.3333333333333
2011,6,393.95,1.79907,438.92674999999997,2011.4166666666667
2011,7,392.72,1.79614,437.62350000000004,2011.5
2011,8,390.33,1.79907,435.30674999999997,2011.5833333333333
2011,9,389.28,1.80423,434.38575,2011.6666666666667
2011,10,389.19,1.80968,434.432,2011.75
2011,11,390.48,1.8123699999999998,435.78925000000004,2011.8333333333333
2011,12,392.06,1.8100399999999999,437.311,2011.9166666666667
2012,1,393.31,1.8074000000000001,438.495,2012.0
2012,2,394.04,1.80835,439.24875000000003,2012.0833333333333
2012,3,394.59,1.81006,439.8415,2012.1666666666667
2012,4,396.38,1.8085,441.5925,2012.25
2012,5,396.93,1.80478,442.0495,2012.3333333333333
2012,6,395.91,1.80099,440.93475,2012.4166666666667
2012,7,394.56,1.79937,439.54425,2012.5
2012,8,392.59,1.8033299999999999,437.67325,2012.5833333333333
2012,9,391.32,1.8101800000000001,436.5745,2012.6666666666667
2012,10,391.27,1.8148499999999999,436.64124999999996,2012.75
2012,11,393.2,1.81596,438.599,2012.8333333333333
2012,12,394.57,1.8145799999999999,439.9345,2012.9166666666667
2013,1,395.78,1.81405,441.13124999999997,2013.0
2013,2,397.03,1.81414,442.38349999999997,2013.0833333333333
2013,3,397.66,1.81326,442.99150000000003,2013.1666666666667
2013,4,398.64,1.81284,443.961,2013.25
2013,5,400.02,1.81194,445.3185,2013.3333333333333
2013,6,398.81,1.80857,444.02425,2013.4166666666667
2013,7,397.51,1.80597,442.65925,2013.5
2013,8,395.39,1.80854,440.6035,2013.5833333333333
2013,9,393.72,1.81424,439.076,2013.6666666666667
2013,10,393.9,1.81849,439.36224999999996,2013.75
2013,11,395.36,1.8203399999999998,440.86850000000004,2013.8333333333333
2013,12,397.03,1.81933,442.51324999999997,2013.9166666666667
2014,1,398.04,1.8168,443.46000000000004,2014.0
2014,2,398.27,1.81633,443.67825,2014.0833333333333
2014,3,399.91,1.81809,445.36225,2014.1666666666667
2014,4,401.51,1.82088,447.032,2014.25
2014,5,401.96,1.82189,447.50725,2014.3333333333333
2014,6,401.43,1.81828,446.887,2014.4166666666667
2014,7,399.27,1.81552,444.65799999999996,2014.5
2014,8,397.18,1.81971,442.67275,2014.5833333333333
2014,9,395.54,1.8268,441.21000000000004,2014.6666666666667
2014,10,396.16,1.83117,441.93925,2014.75
2014,11,397.4,1.8330199999999999,443.22549999999995,2014.8333333333333
2014,12,399.08,1.83354,444.9185,2014.9166666666667
2015,1,400.18,1.8330799999999998,446.007,2015.0
2015,2,400.55,1.83292,446.373,2015.0833333333333
2015,3,401.74,1.83321,447.57025,2015.1666666666667
2015,4,403.35,1.83318,449.1795,2015.25
2015,5,404.15,1.83155,449.93874999999997,2015.3333333333333
2015,6,402.97,1.8271199999999999,448.648,2015.4166666666667
2015,7,401.46,1.8246,447.075,2015.5
2015,8,399.11,1.82902,444.8355,2015.5833333333333
2015,9,397.82,1.83623,443.72575,2015.6666666666667
2015,10,398.49,1.84148,444.527,2015.75
2015,11,400.27,1.8446099999999999,446.38525,2015.8333333333333
2015,12,402.06,1.84477,448.17925,2015.9166666666667
2016,1,402.73,1.84244,448.791,2016.0
2016,2,404.25,1.84165,450.29125,2016.0833333333333
2016,3,405.06,1.84301,451.13525,2016.1666666666667
2016,4,407.6,1.84375,453.69375,2016.25
2016,5,407.9,1.84214,453.95349999999996,2016.3333333333333
2016,6,406.99,1.83781,452.93525,2016.4166666666667
2016,7,404.59,1.83416,450.44399999999996,2016.5
2016,8,402.45,1.83671,448.36775,2016.5833333333333
2016,9,401.23,1.84417,447.33425,2016.6666666666667
2016,10,401.79,1.8498599999999998,448.03650000000005,2016.75
2016,11,403.72,1.85145,450.00625,2016.8333333333333
2016,12,404.64,1.8510499999999999,450.91625,2016.9166666666667
2017,1,406.36,1.84968,452.60200000000003,2017.0
2017,2,406.66,1.8483900000000002,452.86975,2017.0833333333333
2017,3,407.54,1.84817,453.74425,2017.1666666666667
2017,4,409.22,1.84854,455.43350000000004,2017.25
2017,5,409.89,1.84715,456.06874999999997,2017.3333333333333
2017,6,409.08,1.8429200000000001,455.15299999999996,2017.4166666666667
2017,7,407.33,1.8403800000000001,453.3395,2017.5
2017,8,405.32,1.8446500000000001,451.43625,2017.5833333333333
2017,9,403.57,1.85273,449.88824999999997,2017.6666666666667
2017,10,403.82,1.85799,450.26975,2017.75
2017,11,405.31,1.85853,451.77325,2017.8333333333333
2017,12,407.0,1.8565099999999999,453.41275,2017.9166666666667
2018,1,408.15,1.85443,454.51075,2018.0
2018,2,408.52,1.85497,454.89425,2018.0833333333333
2018,3,409.59,1.85686,456.01149999999996,2018.1666666666667
2018,4,410.45,1.8567,456.8675,2018.25
2018,5,411.44,1.8548399999999998,457.811,2018.3333333333333
2018,6,410.99,1.85201,457.29025,2018.4166666666667
2018,7,408.9,1.84909,455.12725,2018.5
2018,8,407.16,1.8519400000000001,453.4585,2018.5833333333333
2018,9,405.71,1.86047,452.22175,2018.6666666666667
2018,10,406.19,1.86575,452.83375,2018.75
2018,11,408.21,1.86628,454.86699999999996,2018.8333333333333
2018,12,409.27,1.86603,455.92075,2018.9166666666667
2019,1,411.03,1.86499,457.65475,2019.0
2019,2,411.96,1.86503,458.58574999999996,2019.0833333333333
2019,3,412.18,1.86631,458.83775,2019.1666666666667
2019,4,413.54,1.86534,460.1735,2019.25
2019,5,414.86,1.8619700000000001,461.40925000000004,2019.3333333333333
2019,6,414.15,1.85856,460.614,2019.4166666666667
2019,7,411.96,1.85799,458.40975,2019.5
2019,8,410.17,1.8629,456.7425,2019.5833333333333
2019,9,408.76,1.8708,455.53,2019.6666666666667
2019,10,408.74,1.8754000000000002,455.625,2019.75
2019,11,410.47,1.8756199999999998,457.3605,2019.8333333333333
2019,12,411.97,1.87462,458.8355,2019.9166666666667
2020,1,413.59,1.8729,460.41249999999997,2020.0
2020,2,414.32,1.87229,461.12725,2020.0833333333333
2020,3,414.72,1.8743800000000002,461.57950000000005,2020.1666666666667
2020,4,416.42,1.87579,463.31475,2020.25
2020,5,417.28,1.8744100000000001,464.14025,2020.3333333333333
2020,6,416.58,1.87196,463.37899999999996,2020.4166666666667
2020,7,414.58,1.87147,461.36674999999997,2020.5
2020,8,412.75,1.8764100000000001,459.66025,2020.5833333333333
2020,9,411.5,1.88456,458.614,2020.6666666666667
2020,10,411.49,1.88997,458.73925,2020.75
2020,11,413.1,1.89148,460.387,2020.8333333333333
2020,12,414.23,1.89098,461.5045,2020.9166666666667
2021,1,415.49,1.88861,462.70525,2021.0
2021,2,416.72,1.8866500000000002,463.88625,2021.0833333333333
2021,3,417.61,1.88799,464.80975,2021.1666666666667
2021,4,419.01,1.8908,466.28,2021.25
2021,5,419.09,1.89129,466.37224999999995,2021.3333333333333
2021,6,418.93,1.88807,466.13175,2021.4166666666667
2021,7,416.9,1.88598,464.04949999999997,2021.5
2021,8,414.42,1.8923299999999998,461.72825,2021.5833333333333
2021,9,413.26,1.90243,460.82075,2021.6666666666667
2021,10,413.9,1.9079000000000002,461.59749999999997,2021.75
2021,11,414.97,1.90923,462.70075,2021.8333333333333
2021,12,416.67,1.90797,464.36925,2021.9166666666667
2022,1,418.13,1.90632,465.788,2022.0
2022,2,419.24,1.9064100000000002,466.90025,2022.0833333333333
2022,3,418.76,1.90777,466.45425,2022.1666666666667
2022,4,420.19,1.9088399999999999,467.911,2022.25
2022,5,420.97,1.90749,468.65725000000003,2022.3333333333333
2022,6,420.94,1.90482,468.5605,2022.4166666666667
2022,7,418.85,1.90399,466.44975,2022.5
2022,8,417.15,1.9083299999999999,464.85825,2022.5833333333333
2022,9,415.91,1.9150399999999999,463.786,2022.6666666666667
2022,10,415.74,1.91943,463.72575,2022.75
2022,11,417.47,1.9221300000000001,465.52325,2022.8333333333333
2022,12,418.99,1.9219600000000001,467.039,2022.9166666666667
2023,1,419.47,1.9199000000000002,467.46750000000003,2023.0
2023,2,420.31,1.9189200000000002,468.283,2023.0833333333333
2023,3,420.99,1.9187400000000001,468.9585,2023.1666666666667
2023,4,423.31,1.9198,471.305,2023.25
2023,5,424.0,1.91923,471.98075,2023.3333333333333
2023,6,423.68,1.9150999999999998,471.5575,2023.4166666666667
2023,7,421.83,1.91303,469.65575,2023.5
2023,8,419.68,1.9168399999999999,467.601,2023.5833333333333
2023,9,418.51,1.92454,466.6235,2023.6666666666667
2023,10,418.82,1.93029,467.07725,2023.75
2023,11,420.46,1.93164,468.751,2023.8333333333333
2023,12,421.86,1.93114,470.1385,2023.9166666666667
2024,1,422.8,1.92832,471.00800000000004,2024.0
2024,2,424.55,1.92592,472.69800000000004,2024.0833333333333
2024,3,425.38,1.9274,473.565,2024.1666666666667
2024,4,426.51,1.9288599999999998,474.7315,2024.25
2024,5,426.9,1.92571,475.04274999999996,2024.3333333333333
2024,6,426.91,1.92125,474.94125,2024.4166666666667
2024,7,425.55,1.92037,473.55925,2024.5
2024,8,422.99,1.92521,471.12025,2024.5833333333333
2024,9,422.03,1.93481,470.40024999999997,2024.6666666666667
2024,10,422.38,1.94102,470.9055,2024.75
2024,11,423.85,1.94001,472.35025,2024.8333333333333
2024,12,425.4,1.93729,473.83225,2024.9166666666667
2025,1,426.65,1.93521,475.03024999999997,2025.0
2025,2,427.09,1.93376,475.43399999999997,2025.0833333333333
2025,3,428.15,1.93368,476.49199999999996,2025.1666666666667
2025,4,429.64,1.93463,478.00575,2025.25
2025,5,430.51,1.93354,478.8485,2025.3333333333333
